Facility Code,District,Facility Name,Facility Type,Net Storage (Litres): Actual,Net Storage (Litres): Required,Net Storage (Litres): Difference,Surplus
1000-0000,CENTRAL,DOWA HOSPITAL,District hospital - MoH,129,31.65,97.35,4
1000-0001,CENTRAL,DOWA DHO VACCINE STORE,District vaccine store,120,419.28,-299.28,0
1000-0002,CENTRAL,MSAKAMBEWA,Health centre - MoH,55,20.4,34.6,4
1000-0003,CENTRAL,CHIBANZI HEALTH POST,Health post - MoH,0,7.05,-7.05,0
1000-0004,CENTRAL,CHAKHAZA,Health centre - MoH,0,17.42,-17.42,0
1000-0005,CENTRAL,BOWE,Health centre - MoH,85,19.89,65.11,4
1000-0006,CENTRAL,CHINKHWILI,Health centre - MoH,55,15.6,39.4,4
1000-0007,CENTRAL,MADISI,Hospital - CHAM,129,28.22,100.78,4
1000-0008,CENTRAL,KASESE,Health centre - Private,24,17.06,6.94,4
1000-0009,CENTRAL,KACHIGAMBA HEALTH POST,Health post - MoH,0,5.55,-5.55,0
1000-0010,CENTRAL,CHIZOLOWONDO,Health centre - MoH,55,14.97,40.03,4
1000-0011,CENTRAL,MONDWE,Health post - MoH,0,1.51,-1.51,0
1000-0012,CENTRAL,MBINGWA,Health centre - MoH,17.5,13.01,4.49,4
1000-0013,CENTRAL,CHISEPO,Health centre - MoH,85,17.67,67.33,4
1000-0014,CENTRAL,KAYEMBE,Health centre - MoH,85,9.94,75.06,4
1000-0015,CENTRAL,NAMBUMA HEALTH POST,Health post - MoH,0,11.26,-11.26,0
1000-0016,CENTRAL,DZOOLE,Health centre - MoH,55,30.5,24.5,4
1000-0017,CENTRAL,MPONERA RURAL HOSPITAL,Rural hospital - MoH,105,38.04,66.96,4
1000-0018,CENTRAL,MTENGOWANTHENGA,Community hospital - CHAM,18,34.55,-16.55,0
1000-0019,CENTRAL,DZALEKA,Health centre - MoH,55,26.48,28.52,4
1000-0020,CENTRAL,CHEZI,Health centre - Private,55,19.09,35.91,4
1000-0021,CENTRAL,CHANKHUNGU,Health centre - MoH,0,12.56,-12.56,0
1000-0022,CENTRAL,THONJE,Health centre - MoH,55,12.67,42.33,4
1000-0023,CENTRAL,MVERA ARMY,Dispensary - MoH,55,7.72,47.28,4
1000-0024,CENTRAL,MVERA MISSION,Health centre - CHAM,76,12.26,63.74,4
1000-0025,CENTRAL,NALUNGA,Health centre - MoH,0,7.98,-7.98,0
1000-0026,CENTRAL,MWANGALA,Health centre - MoH,0,5.61,-5.61,0
1001-0000,CENTRAL,NKHAMENYA,Community hospital - CHAM,130,29.01,100.99,4
1001-0001,CENTRAL,KAMDIDI HEALTH POST,Health post - MoH,0,3.9,-3.9,0
1001-0002,CENTRAL,THUPA,Health post - MoH,24,5.9,18.1,4
1001-0003,CENTRAL,MPEPA,Dispensary - MoH,0,9.65,-9.65,0
1001-0004,CENTRAL,NEWA,Health centre - CHAM,18,3.83,14.17,4
1001-0005,CENTRAL,KALULUMA,Rural hospital - MoH,0,22.3,-22.3,0
1001-0006,CENTRAL,CHATOLOMA,Health post - MoH,0,7.37,-7.37,0
1001-0007,CENTRAL,SIMULEMBA,Health centre - MoH,104.5,20.1,84.4,4
1001-0008,CENTRAL,MANJONDO,Health post - MoH,24,2.93,21.07,4
1001-0009,CENTRAL,OFFESI,Dispensary - MoH,0,9.65,-9.65,0
1001-0010,CENTRAL,CHULU,Health centre - MoH,74.5,24.09,50.41,4
1001-0011,CENTRAL,MPHOMWA,Health post - MoH,24,3.27,20.73,4
1001-0012,CENTRAL,DWANGWA,Dispensary - MoH,24,14.8,9.2,4
1001-0013,CENTRAL,ESTATE 81,Health centre - Private,55,4.83,50.17,4
1001-0014,CENTRAL,GOGODE,Dispensary - MoH,55,11.1,43.9,4
1001-0015,CENTRAL,SANTHE,Health centre - MoH,60,22.19,37.81,4
1001-0016,CENTRAL,MKHOTA,Health centre - MoH,105,15.7,89.3,4
1001-0017,CENTRAL,KHOLA,Health centre - MoH,130,25.62,104.38,4
1001-0018,CENTRAL,CHIZINGA,Health centre - Private,75,3.23,71.77,4
1001-0019,CENTRAL,KAWAMBA,Health centre - MoH,55,16.62,38.38,4
1001-0020,CENTRAL,KAMBONI,Health centre - MoH,0,18.65,-18.65,0
1001-0021,CENTRAL,LINYANGWA,Health centre - MoH,17,16.44,0.56,2
1001-0022,CENTRAL,MZIZA,Health centre - CHAM,18,11.56,6.44,4
1001-0023,CENTRAL,BUA,Health centre - MoH,75,21.05,53.95,4
1001-0024,CENTRAL,MDUNGA,Health centre - MoH,24,12.19,11.81,4
1001-0025,CENTRAL,KAPELURA,Health centre - MoH,17,15.7,1.3,2
1001-0026,CENTRAL,KAPICHILA HEALTH POST,Health post - MoH,55,6.39,48.61,4
1001-0027,CENTRAL,KAPYANGA,Health post - MoH,17,10.5,6.5,4
1001-0028,CENTRAL,KASIYA,Health post - MoH,41.5,2.95,38.55,4
1001-0029,CENTRAL,LIVWEZI,Health post - MoH,24,10.4,13.6,4
1001-0030,CENTRAL,ESTATE 17,Health centre - Private,55,1.75,53.25,4
1001-0031,CENTRAL,ST ANDREWS,Community hospital - CHAM,0,0.65,-0.65,0
1001-0032,CENTRAL,MTUNTHAMA,Health centre - MoH,60,24.36,35.64,4
1001-0033,CENTRAL,CHAMWABVI,Health centre - MoH,0,18.74,-18.74,0
1001-0034,CENTRAL,MITULA HEALTH POST,Health post - MoH,24,1.68,22.32,4
1001-0035,CENTRAL,LOJWA,Dispensary - MoH,24,4.92,19.08,4
1001-0036,CENTRAL,KASUNGU DISTRICT HOSPITAL,District hospital - MoH,75,73.11,1.89,2
1001-0037,CENTRAL,WIMBE,Health centre - MoH,17,45.09,-28.09,0
1001-0038,CENTRAL,CHAMAMA,Health post - MoH,18,13.61,4.39,4
1001-0039,CENTRAL,KASUNGU DISTRICT VACCINE STORE,District vaccine store,105,462.39,-357.39,0
1002-0000,CENTRAL,Mtosa Heath Centre,Health centre - MoH,15.5,9.04,6.46,4
1002-0001,CENTRAL,Alinafe Community Hospita,Community hospital - CHAM,24,15.12,8.88,4
1002-0002,CENTRAL,Benga Health Centre,Health centre - MoH,39.5,11.56,27.94,4
1002-0003,CENTRAL,Mwansambo Health Centre,Health centre - MoH,165,17.4,147.6,4
1002-0004,CENTRAL,Malowa Health Centre,Health centre - MoH,17,10.58,6.42,4
1002-0005,CENTRAL,Kapiri Health Centre,Health centre - CHAM,24,21.58,2.42,3
1002-0006,CENTRAL,Chididi Health Centre,Health centre - CHAM,24,9.49,14.51,4
1002-0007,CENTRAL,Mpamantha Dispensary,Dispensary - MoH,24,11.31,12.69,4
1002-0008,CENTRAL,ST Annes Mission Hospital,Hospital - CHAM,55,4.28,50.72,4
1002-0009,CENTRAL,Bua Health Centre,Health centre - MoH,160,9.27,150.73,4
1002-0010,CENTRAL,Msenjere Health Centre,Health centre - MoH,55,10.16,44.84,4
1002-0011,CENTRAL,Katimbira Health centre,Health centre - MoH,24,7.15,16.85,4
1002-0012,CENTRAL,Liwaladzi Health Cente,Health centre - MoH,55,10.61,44.39,4
1002-0013,CENTRAL,Dwambadzi Rural Hospital,Rural hospital - MoH,60,10.39,49.61,4
1002-0014,CENTRAL,Kasitu Cham Health Centre,Health centre - CHAM,24,7.85,16.15,4
1002-0015,CENTRAL,Ngala Health Centre,Health centre - MoH,24,10.46,13.54,4
1002-0016,CENTRAL,Kaongozi Health Centre,Health centre - MoH,24,7.31,16.69,4
1002-0017,CENTRAL,Nkhunga Health Centre,Health centre - MoH,60,20.15,39.85,4
1002-0018,CENTRAL,Matiki Health Centre Dwangwa,Health centre - MoH,160,13.5,146.5,4
1002-0019,CENTRAL,Lupachi Health Post,Health post - MoH,24,5.61,18.39,4
1002-0020,CENTRAL,Nkhotakota District Hospital,District hospital - MoH,105,46.06,58.94,4
1002-0021,CENTRAL,Dwangwa Cane growers Clinic,Health centre - Private,24,5.17,18.83,4
1002-0022,CENTRAL,Nkhotakota District Hospital Vaccine Store,District vaccine store,379.5,218.75,160.75,4
1003-0000,CENTRAL,Ntchisi District Hospital,District hospital - MoH,60,31.8,28.2,4
1003-0001,CENTRAL,Ntchisi District Vaccine Store,District vaccine store,75,159.96,-84.96,0
1003-0002,CENTRAL,Sambakusi Health Centre,Health centre - MoH,55,2.4,52.6,4
1003-0003,CENTRAL,Malomo Health Centre,Health centre - MoH,55,29.25,25.75,4
1003-0004,CENTRAL,Chinguluwe Health Centre,Health centre - MoH,17,15.07,1.93,3
1003-0005,CENTRAL,Mzandu Health Centre,Health centre - MoH,55,11.7,43.3,4
1003-0006,CENTRAL,Chinthembwe Health Centre,Health centre - CHAM,24,8.5,15.5,4
1003-0007,CENTRAL,Kangolwa Health Centre,Health centre - MoH,85,10.31,74.69,4
1003-0008,CENTRAL,Nthondo Health Centre,Health centre - MoH,0,13.39,-13.39,0
1003-0009,CENTRAL,Mndinda Dispensary,Dispensary - MoH,36,5.03,30.97,4
1003-0010,CENTRAL,Khuwi Health Centre,Health centre - MoH,24,16.74,7.26,4
1003-0011,CENTRAL,Kamsonga Health Centre,Health centre - MoH,18,12.01,5.99,4
1003-0012,CENTRAL,Malambo Health Centre,Health centre - CHAM,18,5.71,12.29,4
1003-0013,CENTRAL,Mkuzi Health Centre,Health centre - MoH,17,11.7,5.3,4
1004-0000,CENTRAL,SALIMA HOSPITAL,District hospital - MoH,75,38.39,36.61,4
1004-0001,CENTRAL,SALIMA DISTRICT VACCINE STORE,District vaccine store,115,254.19,-139.19,0
1004-0002,CENTRAL,CHITALA HEALTH CENTRE,Health centre - CHAM,24,6.9,17.1,4
1004-0003,CENTRAL,KAPHATENGA HEALTH CENTRE,Health centre - CHAM,75,14.77,60.23,4
1004-0004,CENTRAL,CHINGULUWE HEALTH CENTRE,Health centre - MoH,0,9.1,-9.1,0
1004-0005,CENTRAL,KATAWA HEALTH CENTRE,Health centre - Private,79,5.51,73.49,4
1004-0006,CENTRAL,KHOMBEZA HEALTH CENTRE,Health centre - MoH,76,35.21,40.79,4
1004-0007,CENTRAL,MAKIYONI HEALTH CENTRE,Health centre - MoH,24,15.67,8.33,4
1004-0008,CENTRAL,THAVITE HEALTH CENTRE,Health centre - MoH,55,15.63,39.37,4
1004-0009,CENTRAL,SALIMA ADMARC CLINIC,Dispensary - MoH,55,16.93,38.07,4
1004-0010,CENTRAL,BLM CLINIC,Health centre - Private,110,1.28,108.72,4
1004-0011,CENTRAL,BAPTIST MEDICAL CLINIC,Health centre - CHAM,184,9.77,174.23,4
1004-0012,CENTRAL,LIFUWU HEALTH CENTRE,Health centre - MoH,55,9.91,45.09,4
1004-0013,CENTRAL,MAFCO CAMP HOSPITAL,Hospital - Private,55,3.85,51.15,4
1004-0014,CENTRAL,PARACHUTE CLINIC,Hospital - Private,55,1.37,53.63,4
1004-0015,CENTRAL,MAGANGA HEALTH CENTRE,Health centre - MoH,0,22.39,-22.39,0
1004-0016,CENTRAL,CHAGUNDA HEALTH CENTRE,Health centre - MoH,0,9.77,-9.77,0
1004-0017,CENTRAL,MCHOKA HEALTH CENTRE,Health centre - MoH,91,18.43,72.57,4
1004-0018,CENTRAL,CHIPOKA HEALTH CENTRE,Health centre - MoH,79,17.93,61.07,4
1004-0019,CENTRAL,NGODZI HEALTH CENTRE,Health centre - CHAM,0,6.17,-6.17,0
1004-0020,CENTRAL,LIFELINE HEALTH CENTRE,Health centre - Private,24,5,19,4
1004-0021,CENTRAL,MAKHO HEALTH POST,Health post - MoH,24,1.22,22.78,4
1005-0001,CENTRAL,MAONDE HEALTH CENTRE,Health centre - MoH,55,11.16,43.84,4
1005-0002,CENTRAL,MPHATI HEALTH CENTRE,Health centre - MoH,55,6.85,48.15,4
1005-0003,CENTRAL,CHIMOTO HEALTH CENTRE,Health centre - MoH,55,20.47,34.53,4
1005-0004,CENTRAL,MIKONDE HEALTH CENTRE,Health centre - CHAM,55,11.59,43.41,4
1005-0005,CENTRAL,MATUMBA HEALTH CENTRE,Health centre - CHAM,79,22.56,56.44,4
1005-0006,CENTRAL,CHITOWE,Health centre - MoH,110,20.19,89.81,4
1005-0007,CENTRAL,MBEZA HEALTH CENTRE,Health centre - MoH,42,8.38,33.62,4
1005-0008,CENTRAL,KANYEZI HEALTH CENTRE,Health centre - MoH,55,17.67,37.33,4
1005-0009,CENTRAL,KAFERE HEALTH CENTRE,Health centre - MoH,109,6.93,102.07,4
1005-0010,CENTRAL,LOBI HEALTH CENTRE,Health centre - MoH,131,12.64,118.36,4
1005-0011,CENTRAL,MTAKATAKA,Health centre - MoH,24,13.41,10.59,4
1005-0012,CENTRAL,NAKALAZI HEALTH CENTRE,Health centre - CHAM,17,11.9,5.1,4
1005-0013,CENTRAL,MUA HEALTH CENTRE,Community hospital - CHAM,105,13.27,91.73,4
1005-0014,CENTRAL,KAUNDU HEALTHCENTRE,Health centre - CHAM,0,13.45,-13.45,0
1005-0015,CENTRAL,MGANJA HEALTH CENTRE,Health centre - MoH,48,3.21,44.79,4
1005-0016,CENTRAL,GOLOMOTI HEALTH CENTRE,Health centre - MoH,79,17.43,61.57,4
1005-0017,CENTRAL,BEMBEKE HEALTH CENTRE,Health centre - CHAM,84,17.88,66.12,4
1005-0018,CENTRAL,KASINA HEALTH CENTRE,Health centre - CHAM,76,17.22,58.78,4
1005-0019,CENTRAL,TSOYO HEALTH CENTRE,Health centre - MoH,79,13.46,65.54,4
1005-0020,CENTRAL,KALULU HEALTH CENTRE,Health centre - MoH,0,6.97,-6.97,0
1005-0021,CENTRAL,MAYANI HEALTH CENTRE,Health centre - MoH,76,18.37,57.63,4
1005-0022,CENTRAL,KALULU,Health centre - MoH,85,6.97,78.03,4
1005-0023,CENTRAL,CHIPHWAYA HEALTH CENTRE,Health centre - CHAM,55,7.88,47.12,4
1005-0024,CENTRAL,MTINI HEALTH CENTRE,Health centre - MoH,17,11.56,5.44,4
1005-0025,CENTRAL,KAPHUKA HEALTH CENTRE,Health centre - MoH,55,22.8,32.2,4
1005-0026,CENTRAL,DZINDEVU HEALTH CENTRE,Health centre - MoH,0,18.7,-18.7,0
1005-0027,CENTRAL,CHIKUSE,Health centre - MoH,85,17.93,67.07,4
1005-0028,CENTRAL,KANYAMA HEALTH CENTRE,Health centre - CHAM,55,1.75,53.25,4
1005-0029,CENTRAL,CHINGONI,Health centre - MoH,24,14.03,9.97,4
1005-0030,CENTRAL,MLANGALI HEALTH CENTRE,Health centre - MoH,55,11.19,43.81,4
1005-0031,CENTRAL,MPHUNZI HEALTH,Health centre - CHAM,55,12.26,42.74,4
1005-0032,CENTRAL,MTENDERE HEALTH CENTRE,Community hospital - CHAM,55,40.68,14.32,4
1005-0033,CENTRAL,DEDZA HEALTH CENTRE,District vaccine store,289,438.39,-149.39,0
1005-0034,CENTRAL,DEDZA HEALTH CENTRE,District hospital - MoH,55,21.46,33.54,4
1006-0000,CENTRAL,Lilongwe DHO,District vaccine store,225,1375.01,-1150.01,0
1006-0001,CENTRAL,Bwaila Rural Hospital,Rural hospital - MoH,131,85.29,45.71,4
1006-0002,CENTRAL,Kawale Health Centre,Health centre - MoH,76,168.69,-92.69,0
1006-0003,CENTRAL,Kamuzu Barracks,Health centre - MoH,55,3.57,51.43,4
1006-0004,CENTRAL,New State House,Health centre - MoH,110,6.14,103.86,4
1006-0005,CENTRAL,Kangoma Health Centre,Health centre - MoH,55,14.06,40.94,4
1006-0006,CENTRAL,Muloza Seventh Day Adventist,Health centre - CHAM,55,11.61,43.39,4
1006-0007,CENTRAL,Achikondi Women Community Drindly Services,Health centre - Private,0,17.09,-17.09,0
1006-0008,CENTRAL,Likuni Hospital,Hospital - CHAM,220,36.01,183.99,4
1006-0009,CENTRAL,Nkhalango Private Clinic,Health centre - Private,55,2.22,52.78,4
1006-0010,CENTRAL,Area 18 Health Centre,Health centre - MoH,186,123.62,62.38,4
1006-0011,CENTRAL,Area 30 Police Dispensary,Dispensary - MoH,55,2.4,52.6,4
1006-0012,CENTRAL,Area 25 Health Centre,Health centre - MoH,115,15.28,99.72,4
1006-0013,CENTRAL,Chiwamba Health Centre,Health centre - MoH,55,47.83,7.17,3
1006-0014,CENTRAL,Lumbadzi Health Centre,Health centre - MoH,130,52.71,77.29,4
1006-0015,CENTRAL,Mbangombe,Health centre - MoH,85,10.54,74.46,4
1006-0016,CENTRAL,Nambuma Parish,Community hospital - CHAM,55,5.55,49.45,4
1006-0017,CENTRAL,Ngoni Health Centre,Health centre - MoH,55,22.59,32.41,4
1006-0018,CENTRAL,Ukwe Health Centre,Health centre - MoH,24,23,1,2
1006-0019,CENTRAL,Nsanama Health Post,Health post - MoH,55,23,32,4
1006-0020,CENTRAL,Nsalu,Health centre - MoH,76,33.98,42.02,4
1006-0021,CENTRAL,Kabudula Community Hospital,Rural hospital - MoH,131,23.11,107.89,4
1006-0022,CENTRAL,Mbabvi Health Centre,Health centre - MoH,55,22.03,32.97,4
1006-0023,CENTRAL,Dzenza Health Centre,Health centre - CHAM,60,18.07,41.93,4
1006-0024,CENTRAL,Daeyang Luke Hospital,Hospital - CHAM,60,27.36,32.64,4
1006-0025,CENTRAL,Lilongwe City Clinic,Dispensary - Local Government,76,535.35,-459.35,0
1006-0026,CENTRAL,SOS Clinic,Health centre - CHAM,55,0.47,54.53,4
1006-0027,CENTRAL,Diamphwe Health Centre,Health centre - MoH,55,10.46,44.54,4
1006-0028,CENTRAL,Mtenthera Health Centre,Health centre - MoH,115,36.01,78.99,4
1006-0029,CENTRAL,Chitekwere Health Post,Health post - MoH,85,6.28,78.72,4
1006-0030,CENTRAL,Chimbalanga Health Centre,Health centre - MoH,0,16.71,-16.71,0
1006-0031,CENTRAL,Nkhoma CCAP Hospital,Hospital - CHAM,90,35.81,54.19,4
1006-0032,CENTRAL,Matapila Health Centre,Health centre - MoH,55,17.34,37.66,4
1006-0033,CENTRAL,Nanthenje Health Centre,Health centre - MoH,165,40.13,124.87,4
1006-0034,CENTRAL,Chanza Health Centre,Health centre - MoH,55,30.51,24.49,4
1006-0035,CENTRAL,Maluwa Health Centre,Health centre - MoH,24,15.07,8.93,4
1006-0036,CENTRAL,Kachale Health Centre,Health centre - MoH,55,13.58,41.42,4
1006-0037,CENTRAL,Bunda College Health Centre,Health centre - MoH,160,3.15,156.85,4
1006-0038,CENTRAL,Mkwinda Health Post,Health post - MoH,37.5,18.65,18.85,4
1006-0039,CENTRAL,mlale Rural Hospital,Hospital - CHAM,60,30.23,29.77,4
1006-0040,CENTRAL,Mitundu Rural Hospital,Rural hospital - MoH,220,76.81,143.19,4
1006-0041,CENTRAL,Kambanizinthe Health Post,Health post - MoH,0,8.89,-8.89,0
1006-0042,CENTRAL,Chiunjiza Health Centre,Health centre - MoH,55,24.1,30.9,4
1006-0043,CENTRAL,Dickson Health Centre,Health centre - MoH,0,27.33,-27.33,0
1006-0044,CENTRAL,Mikolongwe Health Centre,Health centre - CHAM,105,45.88,59.12,4
1006-0045,CENTRAL,Ndaula,Health centre - MoH,55,21.78,33.22,4
1006-0046,CENTRAL,Mbang'ombe 2,Health centre - MoH,55,13.58,41.42,4
1006-0047,CENTRAL,Ming'ongo,Health centre - MoH,0,15.99,-15.99,0
1006-0048,CENTRAL,Nthondo,Health centre - MoH,0,26.58,-26.58,0
1006-0049,CENTRAL,Gabriel Mission Hospital,Hospital - CHAM,79,10.54,68.46,4
1006-0050,CENTRAL,Chileka,Health centre - MoH,165,21.66,143.34,4
1006-0051,CENTRAL,Mbwatalika,Health centre - CHAM,55,10.36,44.64,4
1006-0052,CENTRAL,Chitedze,Health centre - MoH,115,34.98,80.02,4
1006-0053,CENTRAL,Lemwe,Health centre - MoH,24,13.27,10.73,4
1006-0054,CENTRAL,Chilobwe,Health centre - MoH,55,6.35,48.65,4
1006-0055,CENTRAL,Khongoni,Health centre - MoH,79,17.64,61.36,4
1006-0056,CENTRAL,Malembo,Health centre - MoH,24,17.1,6.9,4
1006-0057,CENTRAL,Chikowa,Health centre - MoH,55,39.17,15.83,4
1006-0058,CENTRAL,Chiwe,Health centre - CHAM,55,9.15,45.85,4
1006-0059,CENTRAL,Chimwala Clinic,Health centre - CHAM,60,20.91,39.09,4
1006-0060,CENTRAL,African Bible College,Hospital - CHAM,55,4.68,50.32,4
1006-0061,CENTRAL,Dr David Livingstone Memorial Private Clinic,Health centre - Private,55,2.18,52.82,4
1006-0062,CENTRAL,Kamuzu Central hospital,Central hospital - MoH,24,28.7,-4.7,1
1006-0063,CENTRAL,National Vaccine Store,National vaccine store,17402.76667,26428.41,-9025.643333,0
1006-0064,CENTRAL,Central Regional Vaccine Store,Regional vaccine store,1242.5,11785.82,-10543.32,0
1007-0000,CENTRAL,Kaigwazanga Health Centre,Health centre - MoH,79,16.09,62.91,4
1007-0001,CENTRAL,Mphanga Health Post,Health post - MoH,24,3.19,20.81,4
1007-0002,CENTRAL,Kazila Health Post,Health post - MoH,24,6.09,17.91,4
1007-0003,CENTRAL,Mikundi Health Centre,Health centre - MoH,55,35.29,19.71,4
1007-0004,CENTRAL,Gumba Dispensary,Dispensary - MoH,85,8.68,76.32,4
1007-0005,CENTRAL,Peter Health Post,Health post - MoH,24,0.98,23.02,4
1007-0006,CENTRAL,Kazyozyo Dispensary,Dispensary - MoH,109,10.4,98.6,4
1007-0007,CENTRAL,Mchinji District Vaccine Store,District vaccine store,75,330.66,-255.66,0
1007-0008,CENTRAL,Nkhwazi Health Centre,Health centre - MoH,17,30.79,-13.79,0
1007-0009,CENTRAL,Mchinji District Hospital,District hospital - MoH,105,33.77,71.23,4
1007-0010,CENTRAL,Tsekwe Health Post,Health post - MoH,0,3.79,-3.79,0
1007-0011,CENTRAL,Tembwe Health Centre,Health centre - MoH,231.5,24.45,207.05,4
1007-0012,CENTRAL,Ludzi Community Hospital,Community hospital - CHAM,24,19.46,4.54,3
1007-0013,CENTRAL,Mkanda Health Centre,Health centre - MoH,55,29.07,25.93,4
1007-0014,CENTRAL,Chimwankango Dispensary,Dispensary - MoH,24,6.29,17.71,4
1007-0015,CENTRAL,Chipumi Health Centre,Health centre - MoH,55,16.05,38.95,4
1007-0016,CENTRAL,Kapiri Our Lady of Mount Carmel Community Hospital,Community hospital - CHAM,55,32.64,22.36,4
1007-0017,CENTRAL,Chioshya Health Centre,Health centre - MoH,55,18,37,4
1007-0018,CENTRAL,Kochilira Rural Hospital,Rural hospital - MoH,0,25.84,-25.84,0
1007-0019,CENTRAL,St Michael Guillem Community Hospital,Community hospital - CHAM,130,9.82,120.18,4
1007-0020,CENTRAL,Kapanga Health Centre,Health centre - MoH,17,26.95,-9.95,0
1007-0021,CENTRAL,Waliranji Health Post,Health post - MoH,24,1.58,22.42,4
1008-0000,CENTRAL,Ntcheu Hospital,District hospital - MoH,55,22.95,32.05,4
1008-0001,CENTRAL,Chiole Health Centre,Health centre - CHAM,24,4,20,4
1008-0002,CENTRAL,Dzonzi Mvai Dispensary,Dispensary - MoH,55,3.05,51.95,4
1008-0003,CENTRAL,Nsipe Health Centre,Health centre - CHAM,105,13.74,91.26,4
1008-0004,CENTRAL,Dzunje Health Centre,Health centre - MoH,0,20.77,-20.77,0
1008-0005,CENTRAL,Chikande Health Centre,Health centre - MoH,24,10.67,13.33,4
1008-0006,CENTRAL,Bilira Health Centre,Health centre - MoH,85,29.93,55.07,4
1008-0007,CENTRAL,Bwanje Health Centre,Health centre - MoH,24,18.12,5.88,4
1008-0008,CENTRAL,Champiti Health Centre,Health centre - MoH,24,7.52,16.48,4
1008-0009,CENTRAL,Kapeni Health Centre,Health centre - MoH,55,7.92,47.08,4
1008-0010,CENTRAL,Phanga Health Centre,Health centre - MoH,24,2.29,21.71,4
1008-0011,CENTRAL,Manjawira Health Centre,Health centre - MoH,24,4.04,19.96,4
1008-0012,CENTRAL,Sister Tereza Community Hospital,Community hospital - CHAM,24,3.29,20.71,4
1008-0013,CENTRAL,Senzani Health Centre,Health centre - CHAM,55,8.75,46.25,4
1008-0014,CENTRAL,Machereza Health Post,Health post - MoH,0,4.41,-4.41,0
1008-0015,CENTRAL,Namisu Health Centre,Health centre - MoH,55,3.28,51.72,4
1008-0016,CENTRAL,Likudzi Health Post,Health post - MoH,18,0.96,17.04,4
1008-0017,CENTRAL,Nzama Health Centre,Health centre - CHAM,79,7.41,71.59,4
1008-0018,CENTRAL,Nsiyaludzu Health Centre,Health centre - MoH,60,19.23,40.77,4
1008-0019,CENTRAL,Katsekera Health Centre,Health centre - MoH,55,10.54,44.46,4
1008-0020,CENTRAL,Doviko Health Centre,Health centre - MoH,24,5.12,18.88,4
1008-0021,CENTRAL,Matanda Health Centre,Health centre - CHAM,24,4.89,19.11,4
1008-0022,CENTRAL,Kampanje Health Centre,Health centre - MoH,55,6.36,48.64,4
1008-0023,CENTRAL,Kandeu Health Centre,Health centre - MoH,55,13.32,41.68,4
1008-0024,CENTRAL,Gowa Health Centre,Health centre - CHAM,55,8.38,46.62,4
1008-0025,CENTRAL,Muluma Health Centre,Health centre - CHAM,24,3.6,20.4,4
1008-0026,CENTRAL,Mphepozinayi Dispensary,Dispensary - MoH,55,17.59,37.41,4
1008-0027,CENTRAL,Masasa Dispensary,Dispensary - MoH,55,4.35,50.65,4
1008-0028,CENTRAL,Mlanda Health Centre,Health centre - CHAM,55,5.31,49.69,4
1008-0029,CENTRAL,Shapevally Health Centre,Health centre - CHAM,55,16.28,38.72,4
1008-0030,CENTRAL,Luzulu Health Centre,Health centre - MoH,60,13.61,46.39,4
1008-0031,CENTRAL,Lake View Health Centre,Health centre - CHAM,17,4.92,12.08,4
1008-0032,CENTRAL,Mlangeni Health Centre,Health centre - MoH,24,4.77,19.23,4
1008-0033,CENTRAL,Ntcheu District vaccine Store,District vaccine store,105,322.29,-217.29,0
1008-0034,CENTRAL,Tsangano Health Centre,Health centre - CHAM,55,16.48,38.52,4
1008-0035,CENTRAL,Biriwiri Health Centre,Health centre - MoH,55,7.71,47.29,4
1008-0036,CENTRAL,Chigodi Health Centre,Health centre - CHAM,110,7.46,102.54,4
1008-0037,CENTRAL,Kasinje Health Centre,Health centre - MoH,55,34.08,20.92,4
1008-0038,CENTRAL,Ntonda Community Hospital,Community hospital - CHAM,55,7.09,47.91,4
1009-0002,NORTH,Chambo,Health centre - CHAM,18,9.97,8.03,4
1009-0003,NORTH,Wenya,Health centre - MoH,24,8.32,15.68,4
1009-0004,NORTH,Kavukuku,Health post - MoH,18.2,2.22,15.98,4
1009-0005,NORTH,Mahowe,Health post - MoH,18.2,1.53,16.67,4
1009-0006,NORTH,Kopakopa,Health post - MoH,55,2.02,52.98,4
1009-0007,NORTH,Nthalire,Health centre - MoH,55,20.36,34.64,4
1009-0008,NORTH,Therere,Health post - MoH,37.5,1.58,35.92,4
1009-0009,NORTH,Kameme,Health centre - MoH,18,14.66,3.34,3
1009-0010,NORTH,Ipula,Health post - MoH,55,0.7,54.3,4
1009-0011,NORTH,Ipenza,Health post - MoH,55,2.24,52.76,4
1009-0012,NORTH,Titi,Health post - MoH,55,2.25,52.75,4
1009-0013,NORTH,Nkhanile,Health post - MoH,55,1.19,53.81,4
1009-0014,NORTH,Kasisi,Health post - MoH,37.5,1.41,36.09,4
1009-0015,NORTH,Nkhangwa,Health post - MoH,55,1.53,53.47,4
1009-0016,NORTH,Bupighu,Health post - MoH,55,2.57,52.43,4
1009-0017,NORTH,Kapenda,Health centre - MoH,55,13.04,41.96,4
1009-0018,NORTH,Ifumbo,Health centre - MoH,0,4.85,-4.85,0
1009-0019,NORTH,Kaseye,Community hospital - CHAM,0,10.31,-10.31,0
1009-0020,NORTH,Sokola,Health post - MoH,0,1.09,-1.09,0
1009-0021,NORTH,Musumbe,Health post - MoH,0,1.15,-1.15,0
1009-0022,NORTH,Itulo,Health post - MoH,55,0.84,54.16,4
1009-0023,NORTH,Misuku,Health centre - MoH,45,17.7,27.3,4
1009-0024,NORTH,Kapoka,Health post - MoH,37.5,1.92,35.58,4
1009-0025,NORTH,Chisenga,Health post - MoH,24,1.55,22.45,4
1009-0026,NORTH,Chitipa District Vaccine Store,District vaccine store,120,129.68,-9.68,2
1009-0027,NORTH,Chitipa District Hospital,District hospital - MoH,55,33.92,21.08,4
1010-0000,NORTH,Karonga District Hospital,District hospital - MoH,37.5,26.35,11.15,4
1010-0001,NORTH,Karonga District Vaccine Store,District vaccine store,192.5,194.46,-1.96,2
1010-0002,NORTH,Wiliro,Health centre - MoH,75,5,70,4
1010-0003,NORTH,Vilaule,Health post - MoH,0,1.39,-1.39,0
1010-0004,NORTH,Mpata,Health centre - MoH,55,2.32,52.68,4
1010-0005,NORTH,Lupembe,Health centre - MoH,0,7.23,-7.23,0
1010-0006,NORTH,Mlare,Health centre - MoH,55,8.1,46.9,4
1010-0007,NORTH,Nyungwe,Health centre - MoH,75,11.25,63.75,4
1010-0008,NORTH,Wovwe Scheme,Health post - MoH,0,4.76,-4.76,0
1010-0009,NORTH,Tilora,Health post - MoH,0,9.87,-9.87,0
1010-0010,NORTH,Chilumba Garrison,Health centre - Private,0,3.11,-3.11,0
1010-0011,NORTH,St Annes,Health centre - CHAM,55,4.07,50.93,4
1010-0012,NORTH,Chilumba Rural Hospital,Rural hospital - MoH,75,12.56,62.44,4
1010-0013,NORTH,Kasoba,Health centre - MoH,0,15.08,-15.08,0
1010-0014,NORTH,Lupaso,Health post - MoH,0,4.52,-4.52,0
1010-0015,NORTH,Kaporo,Rural hospital - MoH,76,33.05,42.95,4
1010-0016,NORTH,Chikutu,Health post - MoH,55,2.88,52.12,4
1010-0017,NORTH,Atupele,Community hospital - CHAM,0,1.51,-1.51,0
1010-0018,NORTH,Iponga,Health centre - MoH,0,13.27,-13.27,0
1010-0019,NORTH,Songwe Border,Health post - MoH,0,3.36,-3.36,0
1010-0020,NORTH,Ngana,Health centre - MoH,0,2.36,-2.36,0
1010-0021,NORTH,Fulirwa,Health centre - MoH,85,27.82,57.18,4
1010-0022,NORTH,Hara,Health centre - MoH,0,6.01,-6.01,0
1010-0023,NORTH,Sangilo,Health centre - CHAM,0,7.46,-7.46,0
1010-0024,NORTH,Lwezga,Health centre - CHAM,0,1.71,-1.71,0
1011-0000,NORTH,St Peters Hospital,Hospital - CHAM,165,4.83,160.17,4
1011-0001,NORTH,Chizumulu Health Centre,Health centre - MoH,24,2.05,21.95,4
1012-0000,NORTH,Regional Vaccine Store,Regional vaccine store,1305,3666.54,-2361.54,0
1012-0004,NORTH,St Jonns Hospital,Hospital - CHAM,105,25.9,79.1,4
1012-0005,NORTH,Banja La Mtsogolo mzuzu,Health centre - Private,24,38.27,-14.27,0
1012-0006,NORTH,Mzuzu Central Hospital,Central hospital - MoH,0,38.27,-38.27,0
1012-0007,NORTH,MASM MZUZU,Health centre - Private,24,6.15,17.85,4
1012-0008,NORTH,EKWENDENI Mission Hospital,Hospital - CHAM,131,37.58,93.42,4
1012-0009,NORTH,Nkholongo Health Centre,Health centre - CHAM,0,6.78,-6.78,0
1012-0010,NORTH,Choma He Centrealth,Health centre - MoH,0,6.17,-6.17,0
1012-0011,NORTH,Ekwaiweni Dispensary,Health centre - MoH,0,5.48,-5.48,0
1012-0012,NORTH,Matuli Health centre,Health centre - MoH,0,6.97,-6.97,0
1012-0013,NORTH,Emsizini Heaqlth Centre,Health centre - MoH,17,6.09,10.91,4
1012-0014,NORTH,Mtwalo Health Centre,Health centre - MoH,24,7.52,16.48,4
1012-0015,NORTH,Njuyu Health Centre,Health centre - MoH,85,11.37,73.63,4
1012-0016,NORTH,Kafukule Health Centre,Health centre - MoH,60,8.34,51.66,4
1012-0017,NORTH,Luvwere Health Centre,Health centre - MoH,0,4.68,-4.68,0
1012-0018,NORTH,Mpherembe Health Centre,Health centre - MoH,37.5,20.58,16.92,4
1012-0019,NORTH,Kabwafu health Centre,Health centre - MoH,17,7.84,9.16,4
1012-0020,NORTH,Malidadi Health Centre,Health centre - MoH,0,9.85,-9.85,0
1012-0021,NORTH,Thunduwike Health Centre,Health centre - MoH,0,13.52,-13.52,0
1012-0022,NORTH,Enguthwini Health Centre,Health centre - MoH,24,11.31,12.69,4
1012-0023,NORTH,Kamwe Health Centre,Health centre - MoH,85,11.42,73.58,4
1012-0024,NORTH,Khuyo Clinic,Health post - MoH,24,9.65,14.35,4
1012-0025,NORTH,Bwengu Health Centre,Health centre - MoH,55,8.79,46.21,4
1012-0026,NORTH,Luzi Health Centre,Health centre - MoH,24,4.58,19.42,4
1012-0027,NORTH,Enukwenu HEALTH Centre,Health centre - MoH,105,12.4,92.6,4
1012-0028,NORTH,Mzuzu City Assembly Clinic,Health post - MoH,160,95.68,64.32,4
1012-0029,NORTH,KHUYUKUYU Health Centre,Health centre - MoH,105,4.41,100.59,4
1012-0030,NORTH,Lusangazi Dispensary,Dispensary - MoH,105,3.41,101.59,4
1012-0031,NORTH,Mzuzu Police Dispensary,Dispensary - Local Government,24,0.81,23.19,4
1012-0032,NORTH,Moyale Health Centre,Health centre - Private,55,2.85,52.15,4
1012-0033,NORTH,Mzuzu Healthy Centre,Health centre - MoH,60,9.42,50.58,4
1012-0034,NORTH,Mzimba North DHO Vaccine Store,District vaccine store,60,258.85,-198.85,0
1013-0000,NORTH,Endindeni,Health centre - MoH,0,15.05,-15.05,0
1013-0001,NORTH,Edingeni,Health centre - MoH,37.5,9.63,27.87,4
1013-0002,NORTH,Mzalangwe,Health centre - MoH,0,9.59,-9.59,0
1013-0003,NORTH,Madede,Health centre - MoH,24,9.26,14.74,4
1013-0004,NORTH,Bulala,Health centre - MoH,0,23.5,-23.5,0
1013-0005,NORTH,Hoho,Health centre - MoH,24,7.15,16.85,4
1013-0006,NORTH,Katete,Health centre - CHAM,55,10.86,44.14,4
1013-0007,NORTH,Manyamula,Health centre - MoH,18.2,16.97,1.23,2
1013-0008,NORTH,Mabiri,Health centre - CHAM,0,13.23,-13.23,0
1013-0009,NORTH,Mbarachanda,Health centre - MoH,37.5,10.42,27.08,4
1013-0010,NORTH,Kalikumbi,Health centre - CHAM,24,9.38,14.62,4
1013-0011,NORTH,Luwerezi,Health centre - MoH,85,17.09,67.91,4
1013-0012,NORTH,Mathandani,Health post - MoH,24,8.35,15.65,4
1013-0013,NORTH,Mtende,Health centre - MoH,55,11.35,43.65,4
1013-0014,NORTH,Khosolo,Health centre - MoH,55,12.49,42.51,4
1013-0015,NORTH,Msese,Health centre - MoH,37.5,4.94,32.56,4
1013-0016,NORTH,Vibangalala,Health centre - MoH,24,8.38,15.62,4
1013-0017,NORTH,Emfeni,Health centre - MoH,55,19.71,35.29,4
1013-0018,NORTH,Mkoma,Health centre - MoH,85,21.19,63.81,4
1013-0019,NORTH,Luviri,Health post - MoH,24,6.74,17.26,4
1013-0020,NORTH,Kabuwa,Health centre - MoH,85,3.41,81.59,4
1013-0021,NORTH,Jenda,Health centre - MoH,55,10.35,44.65,4
1013-0022,NORTH,Euthini,Rural hospital - MoH,55,16.91,38.09,4
1013-0023,NORTH,Ehehleni,Health centre - MoH,17,4.92,12.08,4
1013-0024,NORTH,Chikangawa,Health centre - MoH,105,6.22,98.78,4
1013-0025,NORTH,Luwawa,Health centre - MoH,17,3.49,13.51,4
1013-0026,NORTH,Raiply,Health centre - Private,24,6.61,17.39,4
1013-0027,NORTH,Lunjika,Health centre - CHAM,24,9.24,14.76,4
1013-0028,NORTH,Kamuteteka,Health centre - MoH,17,15.63,1.37,2
1013-0029,NORTH,Mzambazi,Community hospital - CHAM,60,13.54,46.46,4
1013-0030,NORTH,Mzimba South Vaccine Store,District vaccine store,420,357.46,62.54,3
1013-0031,NORTH,Embangweni Hospital,Hospital - CHAM,105,22.35,82.65,4
1013-0032,NORTH,Mzimba South District Hospital,District hospital - MoH,55,54.34,0.66,2
1013-0033,NORTH,Phala,Health post - MoH,24,3.57,20.43,4
1013-0034,NORTH,Mhalaunda,Health centre - CHAM,17.5,10.11,7.39,4
1014-0000,NORTH,NKHATA BAY,District vaccine store,181,158.26,22.74,3
1014-0001,NORTH,Nkhata Bay Facility District Hospital,District hospital - MoH,105,28.61,76.39,4
1014-0002,NORTH,Tchesamu,Health centre - MoH,85,3.05,81.95,4
1014-0003,NORTH,Kande Health Centre,Health centre - MoH,24,1.14,22.86,4
1014-0004,NORTH,Liuzi Health Centre,Health centre - MoH,0,9.61,-9.61,0
1014-0005,NORTH,Kachere,Health centre - MoH,105,18,87,4
1014-0006,NORTH,Tukombo,Health centre - Private,55,5.57,49.43,4
1014-0007,NORTH,Chintheche Rural Hospital,Rural hospital - MoH,55,16.02,38.98,4
1014-0008,NORTH,Kawiya Health Post,Health post - MoH,24,0.94,23.06,4
1014-0009,NORTH,Maula Health Centre,Health centre - MoH,105,14.54,90.46,4
1014-0010,NORTH,Chilembwe Health Centre,Health centre - MoH,85,4.34,80.66,4
1014-0011,NORTH,Vizara Dispensary,Health centre - Private,24,2.28,21.72,4
1014-0012,NORTH,Chitheka Health Centre,Health centre - MoH,0,6.34,-6.34,0
1014-0013,NORTH,Mzenga Health Centre,Health centre - MoH,79,25.03,53.97,4
1014-0014,NORTH,Kavuzi Clinic,Hospital - Private,160,5.64,154.36,4
1014-0015,NORTH,Kawalazi Clinic,Health centre - Private,24,2.25,21.75,4
1014-0016,NORTH,Chisala Health Centre,Health centre - MoH,24,6.75,17.25,4
1014-0017,NORTH,Chipunga Health Post,Health post - MoH,0,1.94,-1.94,0
1014-0018,NORTH,Chikwina,Health centre - MoH,0,6.97,-6.97,0
1014-0019,NORTH,Mpamba Health Centre,Health centre - MoH,0,13.6,-13.6,0
1014-0020,NORTH,Chombe Dispensary Private,Hospital - Private,105,3.41,101.59,4
1014-0021,NORTH,Luwawazi Health Centre,Health centre - MoH,17.5,4.18,13.32,4
1014-0022,NORTH,Kavuzi CCAP Clinic,Health centre - Private,0,2.58,-2.58,0
1014-0023,NORTH,Usisya Health Centre,Health centre - MoH,0,3.19,-3.19,0
1014-0024,NORTH,Bula Health Centre,Health centre - MoH,0,4.59,-4.59,0
1014-0025,NORTH,Nthungwa Health Centre,Health centre - MoH,0,2.95,-2.95,0
1014-0026,NORTH,Makumbo,Health post - MoH,0,1.78,-1.78,0
1014-0027,NORTH,Mtawa,Health post - MoH,55,0.69,54.31,4
1014-0028,NORTH,Khondowe,Health centre - MoH,85,1.85,83.15,4
1014-0029,NORTH,Ruarwe,Health centre - MoH,0,1.51,-1.51,0
1015-0000,NORTH,Ng'onga Health Centre,Health centre - MoH,24,6.43,17.57,4
1015-0001,NORTH,Muhuju Rural Hospital,Rural hospital - MoH,0,9.75,-9.75,0
1015-0002,NORTH,Phwezi Private Clinic,Health centre - Private,24,2.43,21.57,4
1015-0003,NORTH,Nzokoto Health Centre,Health centre - MoH,90,6.5,83.5,4
1015-0004,NORTH,Kasambara Health Centre,Health centre - Private,85,3.72,81.28,4
1015-0005,NORTH,Lura Health Centre,Health centre - MoH,55,4.74,50.26,4
1015-0006,NORTH,Livingstonia Mission Hospital,Hospital - CHAM,55,6.36,48.64,4
1015-0007,NORTH,Luwich Health Centre,Health centre - CHAM,24,3.66,20.34,4
1015-0008,NORTH,Chitimba Health Centre,Health centre - MoH,55,3.45,51.55,4
1015-0009,NORTH,Charo Health Centre,Health centre - CHAM,85,2.13,82.87,4
1015-0010,NORTH,Mphomha Health Centre,Health centre - MoH,24,5.64,18.36,4
1015-0011,NORTH,Nthenje Health Centre,Health centre - CHAM,0,3.28,-3.28,0
1015-0012,NORTH,Katowo Rural Hospital,Rural hospital - MoH,37.5,7.67,29.83,4
1015-0013,NORTH,Thazima Health Centre,Health centre - MoH,0,1.82,-1.82,0
1015-0014,NORTH,Mwazisi Health Centre,Health centre - MoH,37.5,11.67,25.83,4
1015-0015,NORTH,Bolero Rural Hospital,Rural hospital - MoH,60,28.38,31.62,4
1015-0016,NORTH,St Patricks Health Centre,Health centre - CHAM,24,2.88,21.12,4
1015-0017,NORTH,Mulowe Health Centre,Health centre - CHAM,55,4.68,50.32,4
1015-0018,NORTH,Jalawe Health Centre,Health centre - MoH,24,3.39,20.61,4
1015-0019,NORTH,Zunga Health Centre,Health centre - CHAM,0,1.4,-1.4,0
1015-0020,NORTH,Rumphi District Hospital,District hospital - MoH,105,16.84,88.16,4
1015-0021,NORTH,Rumphi District Vaccine Store,District vaccine store,0,127.2,-127.2,0
1016-0002,SOUTH,Dziwe,Health post - MoH,55,6.82,48.18,4
1016-0003,SOUTH,Utale 2,Health centre - CHAM,24,10.16,13.84,4
1016-0004,SOUTH,Utale 1,Health centre - CHAM,41,11.44,29.56,4
1016-0005,SOUTH,Phimbi,Health centre - MoH,55,14.58,40.42,4
1016-0006,SOUTH,Phalula,Health centre - CHAM,55,14.93,40.07,4
1016-0007,SOUTH,Kankao,Health centre - CHAM,55,16.74,38.26,4
1016-0008,SOUTH,Mbera,Health centre - MoH,76,33.45,42.55,4
1016-0009,SOUTH,Kalembo,Health centre - MoH,55,29.13,25.87,4
1016-0010,SOUTH,BALAKA,District hospital - MoH,105,53.28,51.72,4
1016-0011,SOUTH,BALAKA,District vaccine store,282,238.57,43.43,3
1016-0012,SOUTH,ULONGWE,Health centre - CHAM,76,10.5,65.5,4
1016-0013,SOUTH,NAMANOLO,Health centre - MoH,55,19.14,35.86,4
1016-0014,SOUTH,NANDUMBO,Health centre - MoH,24,9.46,14.54,4
1016-0015,SOUTH,MWIMA,Health post - MoH,55,18.02,36.98,4
1016-0016,SOUTH,kwitanda,Health centre - MoH,24,11.54,12.46,4
1016-0017,SOUTH,Chendausiku,Health centre - MoH,17,8.7,8.3,4
1017-0000,SOUTH,MACHINGA HOSPITAL,District hospital - MoH,109.5,26.48,83.02,4
1017-0001,SOUTH,MACHINGA DISTRICT VACCINE STORE,District vaccine store,45,364.1,-319.1,0
1017-0002,SOUTH,NAMANDANJE PARISH HEALTH CENTRE,Health centre - CHAM,55,12.67,42.33,4
1017-0003,SOUTH,NTAJA,Health centre - MoH,45,25.96,19.04,4
1017-0004,SOUTH,CHAMBA,Health centre - MoH,55,16.48,38.52,4
1017-0005,SOUTH,MPOSA,Health centre - CHAM,55,12.54,42.46,4
1017-0006,SOUTH,MPHETA HEALTH POST,Health post - MoH,17,8.76,8.24,4
1017-0007,SOUTH,GAWANANI HEALTH CENTRE,Health centre - CHAM,17,6.04,10.96,4
1017-0008,SOUTH,NGOKWE HEALTH CENTRE,Health centre - MoH,55,22.62,32.38,4
1017-0009,SOUTH,CHIMBIRA HEALTH POST,Health post - MoH,55,5.11,49.89,4
1017-0010,SOUTH,CHIKWEO HEALTH CENTRE,Health centre - MoH,92.5,49.33,43.17,4
1017-0011,SOUTH,CHIPOLONGA,Health post - MoH,75,18.77,56.23,4
1017-0012,SOUTH,ZUMULU HEALTH POST,Health post - MoH,0,7.65,-7.65,0
1017-0013,SOUTH,MLOMBA HEALTH CENTRE,Health centre - MoH,126.5,11.59,114.91,4
1017-0014,SOUTH,NAINUNJE HEALTH CENTRE,Health centre - MoH,75,12.13,62.87,4
1017-0015,SOUTH,MPIRI HEALTH CENTRE,Health centre - CHAM,55,16.13,38.87,4
1017-0016,SOUTH,CHISUWI HEALTH POST,Health post - MoH,24,10.7,13.3,4
1017-0017,SOUTH,NYAMBI HEALTH CENTRE,Health centre - MoH,165,18.61,146.39,4
1017-0018,SOUTH,MKWEPERE HEALTH CENTRE,Health centre - MoH,110,7.91,102.09,4
1017-0019,SOUTH,MWITIYA HEALTH POST,Health post - MoH,55,3.87,51.13,4
1017-0020,SOUTH,LIFUNE HEALTH CENTRE,Health centre - Private,24,3.28,20.72,4
1017-0021,SOUTH,KAWINGA HEALTH CENTRE,Health centre - MoH,55,15.74,39.26,4
1017-0022,SOUTH,CHITUNDU HEALTH POST,Health post - MoH,24,7.22,16.78,4
1017-0023,SOUTH,NSANAMA HEALTH CENTRE,Health centre - CHAM,112.5,25.35,87.15,4
1017-0024,SOUTH,NAMANJA HEALTH CENTRE,Health centre - MoH,55,19.8,35.2,4
1017-0025,SOUTH,LIKHONYOWA HEALTH POST,Health post - MoH,55,3.28,51.72,4
1017-0026,SOUTH,NAYUCHI HEALTH CENTRE,Health centre - MoH,63,9.84,53.16,4
1017-0027,SOUTH,CHAPUSA HEALTH POST,Health post - MoH,24,4.61,19.39,4
1017-0028,SOUTH,MBANIRA HEALTH POST,Health post - MoH,24,8.23,15.77,4
1017-0029,SOUTH,NTHOLOWA HEALTH CENTRE,Health centre - CHAM,0,7.15,-7.15,0
1017-0030,SOUTH,MBONECHERA DISPENSARY,Dispensary - MoH,0,6.38,-6.38,0
1017-0031,SOUTH,MANGAMBA HEALTH CENTRE,Health centre - MoH,55,13.79,41.21,4
1017-0032,SOUTH,CHIKULUMA HEALTH POST,Health post - MoH,55,3.03,51.97,4
1017-0033,SOUTH,MOLIPA HEALTH POST,Health post - MoH,24,8.64,15.36,4
1017-0034,SOUTH,MACHINGA HEALTH CENTRE,Health centre - MoH,0,11.31,-11.31,0
1018-0000,SOUTH,Mangochi District Vaccine Store,District vaccine store,210,578.32,-368.32,0
1018-0001,SOUTH,MANGOCHI,Health post - MoH,85,8.19,76.81,4
1018-0002,SOUTH,LULANGA,Health centre - CHAM,55,12.44,42.56,4
1018-0003,SOUTH,MAKANJIRA,Health centre - MoH,55,23.97,31.03,4
1018-0004,SOUTH,LUGOLA,Health centre - CHAM,37.5,11.84,25.66,4
1018-0005,SOUTH,KADANGO,Health centre - MoH,55,6.04,48.96,4
1018-0006,SOUTH,NAMALAKA,Health centre - CHAM,55,7.26,47.74,4
1018-0007,SOUTH,LUNGWENA,Health centre - MoH,55,22.88,32.12,4
1018-0008,SOUTH,ST MARTIN,Hospital - CHAM,60,21.06,38.94,4
1018-0009,SOUTH,MASE,Health centre - CHAM,37.5,21.86,15.64,4
1018-0010,SOUTH,MALOMBE,Health centre - MoH,55,12.14,42.86,4
1018-0011,SOUTH,CHIUNDA,Dispensary - MoH,37.5,21.86,15.64,4
1018-0012,SOUTH,MULI BWANJI,Hospital - CHAM,55,4.35,50.65,4
1018-0013,SOUTH,SINYALA,Health centre - MoH,55,12.54,42.46,4
1018-0014,SOUTH,MBALAMA,Health post - MoH,0,12.23,-12.23,0
1018-0015,SOUTH,MKUMBA,Health centre - MoH,55,15.5,39.5,4
1018-0016,SOUTH,NAMANGALAMU,Health centre - MoH,24,16.39,7.61,4
1018-0017,SOUTH,NANCHOLI,Dispensary - MoH,55,10.21,44.79,4
1018-0018,SOUTH,CHIPONDE,Dispensary - MoH,24,8.02,15.98,4
1018-0019,SOUTH,SISTER MARTHA,Health centre - CHAM,0,7.61,-7.61,0
1018-0020,SOUTH,MANGOCHI,District hospital - MoH,55,51.43,3.57,2
1018-0021,SOUTH,NAMWERA,Health centre - MoH,60,10.92,49.08,4
1018-0022,SOUTH,JALASI,Health centre - MoH,55,17.43,37.57,4
1018-0023,SOUTH,IBA,Dispensary - MoH,55,13.22,41.78,4
1018-0024,SOUTH,KUKALANGA,Health centre - MoH,55,22.95,32.05,4
1018-0025,SOUTH,MALETA,Health post - MoH,85,2.37,82.63,4
1018-0026,SOUTH,NGAPANI HEALTH CENTRE PRIVATE,Health centre - Private,24,8.61,15.39,4
1018-0027,SOUTH,KATULI HEALTH CENTRE,Health centre - MoH,24,15.53,8.47,4
1018-0028,SOUTH,LUWALIKA HEALTH CENTRE,Health centre - CHAM,55,13.27,41.73,4
1018-0029,SOUTH,CHIUMBANGAME HEALTH CENTRE,Dispensary - MoH,55,7.83,47.17,4
1018-0030,SOUTH,CHIKOLE HEALTH CENTRE,Health centre - MoH,24,5.71,18.29,4
1018-0031,SOUTH,MWATAKATA HEALTH CENTRE,Health post - MoH,10.5,4.88,5.62,4
1018-0032,SOUTH,NGATALA HEALTH CENTRE,Health post - MoH,0,9.96,-9.96,0
1018-0033,SOUTH,MTIMABI HEALTH CENTRE,Health centre - MoH,37.5,20.24,17.26,4
1018-0034,SOUTH,KATEMA HEALTH CENTRE,Health centre - CHAM,55,20.2,34.8,4
1018-0035,SOUTH,PHILILONGWE HEALTH CENTRE,Health centre - MoH,24,14.2,9.8,4
1018-0036,SOUTH,CHILIPA HEALTH CENTRE,Health centre - MoH,55,21.58,33.42,4
1018-0037,SOUTH,KAPALE,Health centre - CHAM,55,6.2,48.8,4
1018-0038,SOUTH,CHALOPA,Health post - MoH,55,12.83,42.17,4
1018-0039,SOUTH,ASSALAMU HEALTH CENTRE,Health centre - CHAM,55,6.14,48.86,4
1018-0040,SOUTH,NAMIYASI HEALTH CENTRE,Health post - MoH,24,8.61,15.39,4
1018-0041,SOUTH,CHILONGA HEALTH,Dispensary - MoH,0,8.06,-8.06,0
1018-0042,SOUTH,MALEMBO HEALTH CENTRE,Health centre - MoH,24,16.68,7.32,4
1018-0043,SOUTH,NANKHWALI HEALTH CENTRE,Health centre - MoH,55,6.71,48.29,4
1018-0044,SOUTH,NKOPE HEALTH CENTRE,Health centre - CHAM,55,15.41,39.59,4
1018-0045,SOUTH,MONKEYBAY HEALTH CENTRE,Rural hospital - MoH,181,20.67,160.33,4
1018-0046,SOUTH,KOCHE HEALTH CENTRE,Health centre - CHAM,76,26.95,49.05,4
1018-0047,SOUTH,MPONDASI HEALTH CENTRE,Health centre - CHAM,24,12.6,11.4,4
1018-0048,SOUTH,NANKUMBA HEALTH CENTRE,Health centre - MoH,55,17.23,37.77,4
1019-0000,SOUTH,Mulanje District Hospital,District hospital - MoH,24,21.13,2.87,3
1019-0001,SOUTH,Mulanje District Vaccine Store,District vaccine store,105,355.2,-250.2,0
1019-0002,SOUTH,Milonde,Health centre - MoH,55,11.42,43.58,4
1019-0003,SOUTH,Mpala,Health centre - MoH,55,16.66,38.34,4
1019-0004,SOUTH,Mimosa Dispensary,Dispensary - MoH,0,17.07,-17.07,0
1019-0005,SOUTH,Rou Estate Dispensary,Health centre - Private,24,1.13,22.87,4
1019-0006,SOUTH,Namasalima Healt Centre,Health centre - CHAM,18,14.54,3.46,3
1019-0007,SOUTH,Muloza Health Centre,Health centre - MoH,55,29.79,25.21,4
1019-0008,SOUTH,Chisambo Dispensary,Health centre - Private,55,1.06,53.94,4
1019-0009,SOUTH,Naphimba,Health centre - MoH,17,11.35,5.65,4
1019-0010,SOUTH,Lujeri Tea Estate,Health centre - Private,37.5,9.58,27.92,4
1019-0011,SOUTH,Chambe Health Centre,Health centre - MoH,55,30.74,24.26,4
1019-0012,SOUTH,Kambenje Health Centre,Health centre - MoH,129,12.71,116.29,4
1019-0013,SOUTH,Mulomba Mealth Centre,Health centre - MoH,85,14.37,70.63,4
1019-0014,SOUTH,Kamwendo Health Post,Health post - MoH,55,24.01,30.99,4
1019-0015,SOUTH,Nkomaula Health Centre,Health centre - MoH,24,12.63,11.37,4
1019-0016,SOUTH,Namphungo Health Centre,Health centre - MoH,55,23.56,31.44,4
1019-0017,SOUTH,Namulenga Health Centre,Health centre - CHAM,24,6.04,17.96,4
1019-0018,SOUTH,Thuchila Health Centre,Health centre - MoH,55,24.18,30.82,4
1019-0019,SOUTH,Chonde Health Centre,Health centre - MoH,60,29.26,30.74,4
1019-0020,SOUTH,Mbiza Health Centre,Health centre - MoH,24,24.09,-9.00E-02,2
1019-0021,SOUTH,Chinyama Health Centre,Health centre - MoH,24,15.61,8.39,4
1019-0022,SOUTH,Dzenje Maternity,Maternity - MoH,24,3.96,20.04,4
1019-0023,SOUTH,Thembe Dispensary,Health centre - CHAM,55,9.35,45.65,4
1019-0024,SOUTH,Mulanje Mission Hospital,Hospital - CHAM,55,33.68,21.32,4
1019-0025,SOUTH,Chisitu Dispensary,Dispensary - MoH,24,1.71,22.29,4
1019-0026,SOUTH,Bondo Health Centre,Health centre - MoH,55,15.25,39.75,4
1020-0000,SOUTH,Phalombe District Hospital,District hospital - MoH,105,17.72,87.28,4
1020-0001,SOUTH,Phalombe DHO Vaccine Store,District vaccine store,210,224.22,-14.22,2
1020-0002,SOUTH,Holy Family Hospital,Health centre - CHAM,60,20.05,39.95,4
1020-0003,SOUTH,Sukasanje,Health centre - CHAM,55,7.7,47.3,4
1020-0004,SOUTH,Nkhulambe health Centre,Health centre - MoH,79,11.72,67.28,4
1020-0005,SOUTH,Mulungu Alinafe,Health post - MoH,24,6.75,17.25,4
1020-0006,SOUTH,Nambiti Health Post,Health post - MoH,24,8.28,15.72,4
1020-0007,SOUTH,Chilinga Maternity,Health centre - MoH,24,7.56,16.44,4
1020-0008,SOUTH,Nazombe Health Centre,Health centre - MoH,24,11.6,12.4,4
1020-0009,SOUTH,Nambazo health Centre,Health centre - MoH,60,26.14,33.86,4
1020-0010,SOUTH,Migowi Health Centre,Health centre - MoH,55,14.72,40.28,4
1020-0011,SOUTH,Kalinde Health Centre,Health centre - MoH,85,20.55,64.45,4
1020-0012,SOUTH,Waluma health post,Health post - MoH,0,14.64,-14.64,0
1020-0013,SOUTH,Mpasa Health Centre,Health centre - MoH,55,21.32,33.68,4
1020-0014,SOUTH,Mwanga Health Centre,Health centre - CHAM,63,12.7,50.3,4
1020-0015,SOUTH,Nkhwayi Health Centre,Health centre - MoH,0,20.01,-20.01,0
1020-0016,SOUTH,Chitekesa Health centre,Health centre - MoH,63,22.39,40.61,4
1021-0000,SOUTH,Zomba Central Hospital,Central hospital - MoH,55,40.63,14.37,4
1021-0001,SOUTH,Zomba DHO,District vaccine store,323.5,471.71,-148.21,0
1021-0002,SOUTH,Zomba DHO Facility,District hospital - MoH,55,26.23,28.77,4
1021-0003,SOUTH,Cobbe Barracks,Hospital - Private,55,3.38,51.62,4
1021-0004,SOUTH,Mmambo Health Centre,Health centre - MoH,55,12.56,42.44,4
1021-0005,SOUTH,Nkasala Health Centre,Health centre - MoH,160,12.13,147.87,4
1021-0006,SOUTH,Masm Clinic,Health centre - Private,55,0.23,54.77,4
1021-0007,SOUTH,Chilipa Health Centre,Health centre - CHAM,55,8.63,46.37,4
1021-0008,SOUTH,Chipini Health Centre,Health centre - MoH,55,16.24,38.76,4
1021-0009,SOUTH,Chingale Health Centre,Health centre - MoH,55,19.99,35.01,4
1021-0010,SOUTH,Changalume Health Centre,Health centre - MoH,55,2.26,52.74,4
1021-0011,SOUTH,Namikango Maternity,Health centre - CHAM,60,4.22,55.78,4
1021-0012,SOUTH,Lambulira Health Centre,Health centre - MoH,55,19.57,35.43,4
1021-0013,SOUTH,Magomero Health Centre,Health centre - CHAM,17,18.18,-1.18,2
1021-0014,SOUTH,Nasawa Health Centre,Health centre - MoH,110,22.47,87.53,4
1021-0015,SOUTH,Mayaka Health Centre,Health centre - MoH,55,36.05,18.95,4
1021-0016,SOUTH,Ngwelero Health Centre,Health centre - MoH,17,19.66,-2.66,1
1021-0017,SOUTH,Pilimiti Hospital,Hospital - Private,55,21.32,33.68,4
1021-0018,SOUTH,Likangala Health Centre,Health centre - MoH,55,24.57,30.43,4
1021-0019,SOUTH,Chamba Health Centre,Health centre - MoH,55,16.49,38.51,4
1021-0020,SOUTH,Makwapala Health Centre,Health centre - MoH,37.5,25.52,11.98,4
1021-0021,SOUTH,Bimbi,Health centre - MoH,92.5,17.17,75.33,4
1021-0022,SOUTH,Namasalima,Health centre - MoH,55,10.58,44.42,4
1021-0023,SOUTH,St Lukes,Hospital - CHAM,105,7.59,97.41,4
1021-0024,SOUTH,Machinjiri,Health centre - MoH,55,6.32,48.68,4
1021-0025,SOUTH,Domasi Rural Hospital,Rural hospital - MoH,160,15.56,144.44,4
1021-0026,SOUTH,Parker Sharp,Health centre - CHAM,24,5.99,18.01,4
1021-0027,SOUTH,Zomba Police,Hospital - Private,55,5.07,49.93,4
1021-0028,SOUTH,Zomba City Clinic,Health centre - MoH,55,28.2,26.8,4
1021-0029,SOUTH,Chancellor College,Dispensary - Local Government,24,4.04,19.96,4
1021-0030,SOUTH,Zomba Banja La Mtsogolo,Health centre - Private,55,3.23,51.77,4
1021-0031,SOUTH,State House,Dispensary - Local Government,55,0.15,54.85,4
1021-0032,SOUTH,Thondwe,Health centre - MoH,160,35.33,124.67,4
1021-0033,SOUTH,Naisi,Health centre - MoH,55,9.65,45.35,4
1021-0034,SOUTH,Chawe Forest,Health centre - Private,24,0.29,23.71,4
1021-0035,SOUTH,Matiya,Health centre - CHAM,16,22.37,-6.37,1
1021-0036,SOUTH,Matawale,Health centre - MoH,105,11.59,93.41,4
1021-0037,SOUTH,Chisi,Health centre - MoH,24,2.74,21.26,4
1021-0038,SOUTH,Chinguma,Health post - MoH,24,1.19,22.81,4
1021-0039,SOUTH,Ngotangota,Health post - MoH,24,0.78,23.22,4
1021-0040,SOUTH,Chisoni,Health post - MoH,24,0.45,23.55,4
1022-0001,SOUTH,South Regional vaccine store,Regional vaccine store,5638.5,12384.57,-6746.07,0
1022-0002,SOUTH,CHILOMONI,Health centre - MoH,55,84.47,-29.47,0
1022-0003,SOUTH,Mitsidi Health Centre,Health centre - CHAM,24,49.2,-25.2,0
1022-0004,SOUTH,Sanjika dispensary,Dispensary - MoH,24,0.41,23.59,4
1022-0005,SOUTH,Ndirande Health Centre,Health centre - MoH,105,130.69,-25.69,1
1022-0006,SOUTH,Soche health centre,Health centre - MoH,60,9.77,50.23,4
1022-0007,SOUTH,Madziabango,Health centre - MoH,24,6.52,17.48,4
1022-0008,SOUTH,St Vincent,Health centre - CHAM,24,9.46,14.54,4
1022-0009,SOUTH,Mpemba,Health centre - MoH,105,36.91,68.09,4
1022-0010,SOUTH,Bangwe,Health centre - MoH,105,133.65,-28.65,1
1022-0011,SOUTH,Limbe Health Centre,Health centre - MoH,160,70.88,89.12,4
1022-0012,SOUTH,Chimembe Health Centre,Health centre - MoH,24,13.37,10.63,4
1022-0013,SOUTH,Chabvala Health Centre,Health centre - MoH,24,8.97,15.03,4
1022-0014,SOUTH,Chikowa Health Centre,Health centre - MoH,55,20.2,34.8,4
1022-0015,SOUTH,Dziwe Health Centre,Health centre - MoH,55,10.81,44.19,4
1022-0016,SOUTH,Chileka SDA Clinic,Health centre - CHAM,55,15.47,39.53,4
1022-0017,SOUTH,Chileka Health Centre,Health centre - MoH,131,17.43,113.57,4
1022-0018,SOUTH,Pensulo health centre,Health centre - MoH,24,4.57,19.43,4
1022-0019,SOUTH,Zingwangwa health centre,Health centre - MoH,165,87.25,77.75,4
1022-0020,SOUTH,Kanjedza Police,Health centre - Private,55,2.05,52.95,4
1022-0021,SOUTH,Mlambe mission hospital,Hospital - CHAM,55,38.81,16.19,4
1022-0022,SOUTH,Makata health centre,Health centre - MoH,55,24.56,30.44,4
1022-0023,SOUTH,Lirangwe health centre,Health centre - MoH,24,18.11,5.89,4
1022-0024,SOUTH,Namikoko health centre,Health centre - MoH,24,4.52,19.48,4
1022-0025,SOUTH,Lundu health centre,Health centre - MoH,55,13.5,41.5,4
1022-0026,SOUTH,Mdeka heath centre,Health centre - MoH,76,19.77,56.23,4
1022-0027,SOUTH,Souyh Lunzu health centre,Health centre - MoH,55,54.9,0.1,2
1022-0028,SOUTH,Blantyre DHO Vaccine store,District vaccine store,544,130.26,413.74,4
1022-0029,SOUTH,Qeen Elizabeth Central Hospital,Central hospital - MoH,55,136.28,-81.28,0
1022-0030,SOUTH,Blantyre Adventist hospital,Hospital - Private,55,6.26,48.74,4
1022-0031,SOUTH,Soche SDA Clinic,Health centre - CHAM,55,0.44,54.56,4
1022-0032,SOUTH,Kanjedza Medical Clinic,Health centre - Private,55,0.61,54.39,4
1022-0033,SOUTH,Lafarge Cement Clinic,Health centre - Private,55,0.42,54.58,4
1022-0034,SOUTH,Blantyre City Assembly Clinic,Health centre - Private,110,227.92,-117.92,0
1022-0035,SOUTH,Malabada health centre,Health centre - CHAM,0,1.85,-1.85,0
1022-0036,SOUTH,Mtengo umodzi private hospital,Hospital - Private,55,0.23,54.77,4
1022-0037,SOUTH,Lunzu BLM Clinic,Health centre - Private,55,5.47,49.53,4
1022-0038,SOUTH,Blantyre DHO Mobile Clinic,District hospital - MoH,60,16.69,43.31,4
1022-0039,SOUTH,Ebenezer Private Clinic,Health centre - Private,55,0.74,54.26,4
1022-0040,SOUTH,Elimu Private Clinic,Health centre - Private,55,0.74,54.26,4
1022-0041,SOUTH,Family health Clinic,Health centre - Private,0,8.5,-8.5,0
1022-0042,SOUTH,Lungu Private Clinic,Health centre - Private,55,6.41,48.59,4
1022-0043,SOUTH,Malamulo Day Clinic,Health centre - Private,55,7.41,47.59,4
1022-0044,SOUTH,Mwaiwathu Private Hospital,Hospital - Private,55,6.38,48.62,4
1023-0000,SOUTH,Chikhwawa District Vaccine Store,District vaccine store,105,305.13,-200.13,0
1023-0001,SOUTH,Chikwawa District Hospital,District hospital - MoH,0,21.39,-21.39,0
1023-0002,SOUTH,Kasinthula Health Centre,Health centre - MoH,55,8.06,46.94,4
1023-0003,SOUTH,Dolo Health Centre,Health centre - MoH,55,25.92,29.08,4
1023-0004,SOUTH,Thendo Health Post,Health post - MoH,0,2.03,-2.03,0
1023-0005,SOUTH,Konzere Health Post,Health post - MoH,0,2.62,-2.62,0
1023-0006,SOUTH,Mgabu Rural Hospital,Rural hospital - MoH,60,39.34,20.66,4
1023-0007,SOUTH,Montfort Rural Hospital,Hospital - CHAM,105,47.15,57.85,4
1023-0008,SOUTH,Kakoma Health centre,Health centre - MoH,55,14.93,40.07,4
1023-0009,SOUTH,Misomali Health Centre,Health centre - CHAM,0,5.26,-5.26,0
1023-0010,SOUTH,Chapananga Health Centre,Health centre - MoH,0,9.35,-9.35,0
1023-0011,SOUTH,Bereu Dispensary,Dispensary - MoH,55,11.16,43.84,4
1023-0012,SOUTH,Chithumba Health Centre,Health centre - MoH,0,7.77,-7.77,0
1023-0013,SOUTH,Gaga Health Centre,Health centre - MoH,18,11.12,6.88,4
1023-0014,SOUTH,Chang'ambika Health Centre,Health centre - MoH,55,5.03,49.97,4
1023-0015,SOUTH,Gola Health Centre,Health centre - MoH,85,4.1,80.9,4
1023-0016,SOUTH,Ndakwera Health Centre,Health centre - MoH,55,11.16,43.84,4
1023-0017,SOUTH,Mandrade Health Post,Health post - MoH,55,4.57,50.43,4
1023-0018,SOUTH,Illovo Factory,Health centre - Private,55,1.21,53.79,4
1023-0019,SOUTH,Kalulu Clinic,Health centre - Private,55,2.67,52.33,4
1023-0020,SOUTH,Mwanza Clinic,Health centre - Private,55,2.6,52.4,4
1023-0021,SOUTH,Mangulenje Clinic,Health centre - Private,55,1.97,53.03,4
1023-0022,SOUTH,Mkombezi clinic,Health centre - Private,55,1.71,53.29,4
1023-0023,SOUTH,Alimenda Clinic,Health centre - Private,55,1.94,53.06,4
1023-0024,SOUTH,Lengwe Clinic,Health centre - Private,55,1.04,53.96,4
1023-0025,SOUTH,Chipwaira Health Centre,Health centre - MoH,55,16.33,38.67,4
1023-0026,SOUTH,Therere Health Post,Health post - MoH,0,7.34,-7.34,0
1023-0027,SOUTH,Mkumaniza Health Centre,Health centre - MoH,55,7.88,47.12,4
1023-0028,SOUTH,Kapichira Clinic,Health centre - Private,55,2.76,52.24,4
1023-0029,SOUTH,Mfera Health Centre,Health centre - MoH,55,19.19,35.81,4
1023-0030,SOUTH,Mapelera Health Health,Health centre - MoH,55,8.76,46.24,4
1023-0031,SOUTH,Mkhathe Health Post,Health post - MoH,0,10.23,-10.23,0
1023-0032,SOUTH,Makhwira Health Centre,Health centre - MoH,55,38.78,16.22,4
1023-0033,SOUTH,Mitondo Health Post,Health post - MoH,55,16.12,38.88,4
1023-0034,SOUTH,Kavalo Health Post,Health post - MoH,0,2.9,-2.9,0
1023-0035,SOUTH,Kubalalika Health Post,Health post - MoH,0,4.92,-4.92,0
1023-0036,SOUTH,Saopa Health Post,Health post - MoH,0,3.68,-3.68,0
1023-0037,SOUTH,Hunger Project Health Post,Health centre - Private,55,17.56,37.44,4
1023-0038,SOUTH,Mafale Dispensary,Dispensary - MoH,0,7.05,-7.05,0
1024-0000,SOUTH,CHIRADZULU DISTRICT VACCINE STORE,District vaccine store,275,202.27,72.73,4
1024-0001,SOUTH,CHIRADZULU DISTRICT HOSPITAL,District hospital - MoH,55,16.64,38.36,4
1024-0002,SOUTH,St JOSEPH MISSION HOSPITAL,Hospital - CHAM,60,30.35,29.65,4
1024-0003,SOUTH,PIM CHAM HEALTH CENTRE,Health centre - CHAM,55,13.2,41.8,4
1024-0004,SOUTH,NDUNDE HEALTH CENTRE,Health centre - MoH,24,11.61,12.39,4
1024-0005,SOUTH,MILEPA HEALTH CENTRE,Health centre - MoH,55,10.67,44.33,4
1024-0006,SOUTH,MAUWA HEALTH CENTRE,Health centre - MoH,55,13.97,41.03,4
1024-0007,SOUTH,MBULUMBUZI HEATH CENTRE,Health centre - MoH,24,10.64,13.36,4
1024-0008,SOUTH,CHITERA HEALTH CENTRE,Health centre - MoH,55,9.4,45.6,4
1024-0009,SOUTH,NAMADZI HEALTH CENTRE,Health centre - MoH,170,16.13,153.87,4
1024-0010,SOUTH,BILALO PVT CLINIC,Health centre - Private,55,13.14,41.86,4
1024-0011,SOUTH,MWANJE HEALTH POST,Health post - MoH,24,7.3,16.7,4
1024-0012,SOUTH,THUMBWE HEALTH CENTRE,Dispensary - MoH,79,17.64,61.36,4
1024-0013,SOUTH,NAMITAMBO HEALTH CENTRE,Health centre - MoH,55,24.85,30.15,4
1024-0014,SOUTH,NKALO HEALTH CENTRE,Health centre - MoH,79,21.95,57.05,4
1025-0000,SOUTH,Mwanza District Hospital,District hospital - MoH,0,32.2,-32.2,0
1025-0001,SOUTH,Thambani Health Centre,Health centre - MoH,55,10.67,44.33,4
1025-0002,SOUTH,Mwanza District Vaccine Store,District vaccine store,189,64.24,124.76,4
1025-0003,SOUTH,Kunenekude Health Centre,Health centre - MoH,55,8.35,46.65,4
1025-0004,SOUTH,Tulonkhondo Health Cetre,Health centre - MoH,55,9.95,45.05,4
1026-0000,SOUTH,Matandani,Health centre - CHAM,24,6.01,17.99,4
1026-0001,SOUTH,Nsabwe,Health centre - CHAM,55,12.71,42.29,4
1026-0002,SOUTH,Ligowe,Dispensary - MoH,24,9.81,14.19,4
1026-0003,SOUTH,Magaleta,Health centre - MoH,24,4.81,19.19,4
1026-0004,SOUTH,Chifunga,Health centre - MoH,55,7.67,47.33,4
1026-0005,SOUTH,Nkula Health Centre,Health centre - Private,55,1.36,53.64,4
1026-0006,SOUTH,Luwani Health Centre,Health centre - MoH,55,1.48,53.52,4
1026-0007,SOUTH,NENO DHO,District hospital - MoH,76,10.7,65.3,4
1026-0008,SOUTH,Neno Parish,Health centre - CHAM,55,8.68,46.32,4
1026-0009,SOUTH,Lisungwi,Rural hospital - MoH,55,11.2,43.8,4
1026-0010,SOUTH,Matope,Health centre - CHAM,55,10.4,44.6,4
1026-0011,SOUTH,Midzemba,Dispensary - MoH,55,9.24,45.76,4
1026-0012,SOUTH,Neno DHO,District vaccine store,76,73.35,2.65,2
1027-0001,SOUTH,Nsanje District Hospital,District hospital - MoH,76,24.27,51.73,4
1027-0002,SOUTH,Nsanje District Vaccine Store,District vaccine store,210,168.2,41.8,3
1027-0003,SOUTH,Mbenje Health Centre,Health centre - MoH,75,14.56,60.44,4
1027-0004,SOUTH,Ndamera Health Centre,Health centre - MoH,75,13.04,61.96,4
1027-0005,SOUTH,Kamphata Health Post,Health post - MoH,0,5.33,-5.33,0
1027-0006,SOUTH,Nkhande Health Post,Health post - MoH,55,4.1,50.9,4
1027-0007,SOUTH,Lulwe Health Centre,Health centre - CHAM,55,4.41,50.59,4
1027-0008,SOUTH,Chingoma Health Post,Health post - MoH,0,4.71,-4.71,0
1027-0009,SOUTH,Chididi Health Centre,Health centre - CHAM,18,7.23,10.77,4
1027-0010,SOUTH,MKANGO HEALTH CENTRE,Health post - MoH,55,6.83,48.17,4
1027-0011,SOUTH,TENGANI HEALTH CENTRE,Health centre - MoH,45,16.41,28.59,4
1027-0012,SOUTH,NYAMITHUTHU HEALTH CENTRE,Health centre - MoH,55,5.75,49.25,4
1027-0013,SOUTH,PHOKERA HEALTH CENTRE,Health centre - MoH,55,6.39,48.61,4
1027-0014,SOUTH,KALEMBA COMMUNITY HOSPITAL,Community hospital - CHAM,60,15.94,44.06,4
1027-0015,SOUTH,SORGIN HEALTH CENTRE,Health centre - MoH,24,9.73,14.27,4
1027-0016,SOUTH,MITSAMVU HEALTH CENTRE,Health post - MoH,55,2.82,52.18,4
1027-0017,SOUTH,Kanyimbi,Health post - MoH,0,2.83,-2.83,0
1027-0018,SOUTH,Makhanga,Health centre - MoH,55,9.67,45.33,4
1027-0019,SOUTH,SANKHULANI HEALTH HEALTH CENTRE,Health centre - MoH,55,4.3,50.7,4
1027-0020,SOUTH,MCHACHA HEALTH CENTRE,Health post - MoH,55,4.22,50.78,4
1027-0021,SOUTH,TRINITY MISSION HOSPITAL,Hospital - CHAM,165,13.54,151.46,4
1027-0022,SOUTH,MULOLO HEALTH CENTRE,Health post - MoH,55,5.4,49.6,4
1027-0023,SOUTH,MASENJERE HEALTH CENTRE,Health centre - MoH,55,10.12,44.88,4
1028-0000,SOUTH,Thyolo District Hospital Vaccine Store,District vaccine store,79,413.24,-334.24,0
1028-0001,SOUTH,Thyolo DHO,District hospital - MoH,24,47.83,-23.83,0
1028-0002,SOUTH,Mangunda,Health centre - MoH,55,35.13,19.87,4
1028-0003,SOUTH,Mafis,Health centre - Private,0,1.56,-1.56,0
1028-0004,SOUTH,Khonjeni,Health centre - MoH,55,20.33,34.67,4
1028-0005,SOUTH,Makapwa,Health centre - Private,55,6.75,48.25,4
1028-0006,SOUTH,Mitengo,Health centre - CHAM,45,9.61,35.39,4
1028-0007,SOUTH,Bvumbwe,Health centre - MoH,37.5,36.79,0.71,2
1028-0008,SOUTH,Chimvu,Health centre - MoH,37.5,11.64,25.86,4
1028-0009,SOUTH,Mikolongwe,Health centre - MoH,17,17.84,-0.84,2
1028-0010,SOUTH,Chingazi,Community hospital - CHAM,55,5.57,49.43,4
1028-0011,SOUTH,Chitsoka,Rural hospital - MoH,24,13.09,10.91,4
1028-0012,SOUTH,Chimaliro,Health centre - MoH,55,28.74,26.26,4
1028-0013,SOUTH,Satemwa,Health centre - Private,55,5.38,49.62,4
1028-0014,SOUTH,Namingomba,Health centre - Private,37.5,4.1,33.4,4
1028-0015,SOUTH,Mindali,Health centre - Private,24,1.04,22.96,4
1028-0016,SOUTH,Thunga,Health centre - Private,24,1.37,22.63,4
1028-0017,SOUTH,Kasembeleka,Health centre - Private,24,1.04,22.96,4
1028-0018,SOUTH,Mianga,Health centre - MoH,55,0.78,54.22,4
1028-0019,SOUTH,Mtambanyama,Health centre - CHAM,24,9.01,14.99,4
1028-0020,SOUTH,Sambankhanga,Health centre - Private,24,1.31,22.69,4
1028-0021,SOUTH,Makwasa,Health centre - Private,0,0.76,-0.76,0
1028-0022,SOUTH,Malamulo,Hospital - CHAM,76,25.91,50.09,4
1028-0023,SOUTH,ST Martins,Health centre - CHAM,55,14.22,40.78,4
1028-0024,SOUTH,Malosa Health Post,Health post - MoH,37.5,2.85,34.65,4
1028-0025,SOUTH,Changata,Health centre - MoH,55,14.06,40.94,4
1028-0026,SOUTH,Nsabwe,Health centre - MoH,24,5.27,18.73,4
1028-0027,SOUTH,Gombe,Health centre - MoH,55,8.7,46.3,4
1028-0028,SOUTH,Nkhataombere,Health post - MoH,37.5,7.18,30.32,4
1028-0029,SOUTH,Chisinkha,Health post - MoH,85,2.88,82.12,4
1028-0030,SOUTH,Makungwa,Health centre - MoH,76,11.75,64.25,4
1028-0031,SOUTH,Dzimbiri,Health post - MoH,55,15.72,39.28,4
1028-0032,SOUTH,Thomas,Health centre - CHAM,55,14.96,40.04,4
1028-0033,SOUTH,Chisunga,Health centre - Private,55,2.4,52.6,4
1028-0034,SOUTH,Amalika,Dispensary - MoH,24,21.48,2.52,3
1028-0035,SOUTH,Nangumi,Health post - MoH,85,1.48,83.52,4
1028-0036,SOUTH,Mbalanguzi,Health post - MoH,37.5,3.09,34.41,4
1028-0037,SOUTH,Thekerani,Health centre - MoH,76,12.64,63.36,4
1028-0038,SOUTH,Nchima,Health centre - Private,55,1.22,53.78,4
1028-0039,SOUTH,Conforzi,Health centre - Private,24,3.49,20.51,4
1028-0040,SOUTH,Namalime,Health post - MoH,85,6.01,78.99,4
1028-0041,SOUTH,Zowa,Health centre - MoH,76,12.01,63.99,4
1028-0042,SOUTH,Sandama,Health post - MoH,17,5.53,11.47,4
1028-0043,SOUTH,Chipho,Health centre - CHAM,169,5.82,163.18,4
1028-0044,SOUTH,Mapanga,Health centre - MoH,55,9.38,45.62,4
